customer_id,customer_name,email,city,signup_date
1,Customer_1,customer1@gmail.com,Chennai,2024-01-22
2,Customer_2,customer2@gmail.com,Hyderabad,2025-03-31
3,Customer_3,customer3@gmail.com,Pune,2024-05-18
4,Customer_4,customer4@gmail.com,Pune,2024-02-02
5,Customer_5,customer5@gmail.com,Bangalore,2025-01-10
6,Customer_6,customer6@gmail.com,Delhi,2024-01-14
7,Customer_7,customer7@gmail.com,Hyderabad,2025-01-17
8,Customer_8,customer8@gmail.com,Chennai,2024-07-24
9,Customer_9,customer9@gmail.com,Bangalore,2024-07-31
10,Customer_10,customer10@gmail.com,Hyderabad,2024-07-05
11,Customer_11,customer11@gmail.com,Bangalore,2025-01-15
12,Customer_12,customer12@gmail.com,Chennai,2024-01-11
13,Customer_13,customer13@gmail.com,Kolkata,2024-07-31
14,Customer_14,customer14@gmail.com,Pune,2024-12-08
15,Customer_15,customer15@gmail.com,Hyderabad,2024-04-19
16,Customer_16,customer16@gmail.com,Pune,2024-01-27
17,Customer_17,customer17@gmail.com,Kolkata,2024-10-31
18,Customer_18,customer18@gmail.com,Chennai,2024-05-30
19,Customer_19,customer19@gmail.com,Hyderabad,2024-07-06
20,Customer_20,customer20@gmail.com,Kolkata,2024-05-08
21,Customer_21,customer21@gmail.com,Kolkata,2024-05-02
22,Customer_22,customer22@gmail.com,Bangalore,2024-09-17
23,Customer_23,customer23@gmail.com,Hyderabad,2024-10-04
24,Customer_24,customer24@gmail.com,Delhi,2024-03-13
25,Customer_25,customer25@gmail.com,Mumbai,2025-03-05
26,Customer_26,customer26@gmail.com,Kolkata,2024-01-16
27,Customer_27,customer27@gmail.com,Bangalore,2024-08-03
28,Customer_28,customer28@gmail.com,Chennai,2024-03-09
29,Customer_29,customer29@gmail.com,Chennai,2024-07-18
30,Customer_30,customer30@gmail.com,Delhi,2025-01-13
31,Customer_31,customer31@gmail.com,Mumbai,2024-03-01
32,Customer_32,customer32@gmail.com,Pune,2024-10-09
33,Customer_33,customer33@gmail.com,Delhi,2024-10-22
34,Customer_34,customer34@gmail.com,Chennai,2024-05-21
35,Customer_35,customer35@gmail.com,Chennai,2024-01-01
36,Customer_36,customer36@gmail.com,Hyderabad,2024-12-12
37,Customer_37,customer37@gmail.com,Kolkata,2024-05-26
38,Customer_38,customer38@gmail.com,Hyderabad,2025-04-17
39,Customer_39,customer39@gmail.com,Kolkata,2025-02-02
40,Customer_40,customer40@gmail.com,Hyderabad,2025-05-09
41,Customer_41,customer41@gmail.com,Kolkata,2024-02-20
42,Customer_42,customer42@gmail.com,Kolkata,2024-02-25
43,Customer_43,customer43@gmail.com,Hyderabad,2024-02-26
44,Customer_44,customer44@gmail.com,Kolkata,2024-09-22
45,Customer_45,customer45@gmail.com,Mumbai,2024-11-27
46,Customer_46,customer46@gmail.com,Kolkata,2024-11-14
47,Customer_47,customer47@gmail.com,Chennai,2024-04-20
48,Customer_48,customer48@gmail.com,Mumbai,2024-04-16
49,Customer_49,customer49@gmail.com,Chennai,2024-12-19
50,Customer_50,customer50@gmail.com,Mumbai,2024-02-16
51,Customer_51,customer51@gmail.com,Chennai,2024-09-08
52,Customer_52,customer52@gmail.com,Bangalore,2024-06-10
53,Customer_53,customer53@gmail.com,Kolkata,2025-01-16
54,Customer_54,customer54@gmail.com,Kolkata,2025-03-07
55,Customer_55,customer55@gmail.com,Chennai,2024-12-08
56,Customer_56,customer56@gmail.com,Chennai,2025-01-20
57,Customer_57,customer57@gmail.com,Bangalore,2024-05-16
58,Customer_58,customer58@gmail.com,Mumbai,2024-08-27
59,Customer_59,customer59@gmail.com,Pune,2025-03-17
60,Customer_60,customer60@gmail.com,Mumbai,2024-12-20
61,Customer_61,customer61@gmail.com,Pune,2025-01-04
62,Customer_62,customer62@gmail.com,Pune,2024-08-23
63,Customer_63,customer63@gmail.com,Bangalore,2024-05-27
64,Customer_64,customer64@gmail.com,Pune,2025-03-21
65,Customer_65,customer65@gmail.com,Pune,2024-03-20
66,Customer_66,customer66@gmail.com,Chennai,2024-03-27
67,Customer_67,customer67@gmail.com,Delhi,2024-07-15
68,Customer_68,customer68@gmail.com,Pune,2024-04-26
69,Customer_69,customer69@gmail.com,Bangalore,2024-03-16
70,Customer_70,customer70@gmail.com,Chennai,2024-04-18
71,Customer_71,customer71@gmail.com,Chennai,2024-11-04
72,Customer_72,customer72@gmail.com,Mumbai,2024-01-07
73,Customer_73,customer73@gmail.com,Hyderabad,2024-11-08
74,Customer_74,customer74@gmail.com,Delhi,2024-06-08
75,Customer_75,customer75@gmail.com,Delhi,2024-04-23
76,Customer_76,customer76@gmail.com,Pune,2025-01-16
77,Customer_77,customer77@gmail.com,Mumbai,2024-03-16
78,Customer_78,customer78@gmail.com,Kolkata,2024-11-28
79,Customer_79,customer79@gmail.com,Pune,2024-04-26
80,Customer_80,customer80@gmail.com,Kolkata,2025-02-07
81,Customer_81,customer81@gmail.com,Mumbai,2024-05-29
82,Customer_82,customer82@gmail.com,Chennai,2025-01-15
83,Customer_83,customer83@gmail.com,Mumbai,2025-02-01
84,Customer_84,customer84@gmail.com,Delhi,2024-08-05
85,Customer_85,customer85@gmail.com,Delhi,2024-01-12
86,Customer_86,customer86@gmail.com,Mumbai,2025-03-14
87,Customer_87,customer87@gmail.com,Kolkata,2024-03-31
88,Customer_88,customer88@gmail.com,Delhi,2024-10-16
89,Customer_89,customer89@gmail.com,Pune,2024-03-01
90,Customer_90,customer90@gmail.com,Chennai,2025-05-03
91,Customer_91,customer91@gmail.com,Bangalore,2025-03-01
92,Customer_92,customer92@gmail.com,Pune,2024-07-24
93,Customer_93,customer93@gmail.com,Delhi,2024-03-13
94,Customer_94,customer94@gmail.com,Pune,2024-11-25
95,Customer_95,customer95@gmail.com,Delhi,2024-11-19
96,Customer_96,customer96@gmail.com,Delhi,2024-04-26
97,Customer_97,customer97@gmail.com,Delhi,2024-01-18
98,Customer_98,customer98@gmail.com,Mumbai,2024-02-16
99,Customer_99,customer99@gmail.com,Bangalore,2024-03-20
100,Customer_100,customer100@gmail.com,Mumbai,2024-01-20
101,Customer_101,customer101@gmail.com,Bangalore,2024-12-22
102,Customer_102,customer102@gmail.com,Kolkata,2025-02-21
103,Customer_103,customer103@gmail.com,Delhi,2024-12-29
104,Customer_104,customer104@gmail.com,Chennai,2024-04-12
105,Customer_105,customer105@gmail.com,Mumbai,2024-11-17
106,Customer_106,customer106@gmail.com,Bangalore,2025-05-10
107,Customer_107,customer107@gmail.com,Mumbai,2024-07-23
108,Customer_108,customer108@gmail.com,Mumbai,2024-10-06
109,Customer_109,customer109@gmail.com,Hyderabad,2025-04-04
110,Customer_110,customer110@gmail.com,Mumbai,2024-06-01
111,Customer_111,customer111@gmail.com,Hyderabad,2024-01-26
112,Customer_112,customer112@gmail.com,Delhi,2024-02-15
113,Customer_113,customer113@gmail.com,Pune,2025-02-11
114,Customer_114,customer114@gmail.com,Chennai,2024-10-22
115,Customer_115,customer115@gmail.com,Delhi,2025-01-31
116,Customer_116,customer116@gmail.com,Bangalore,2024-06-20
117,Customer_117,customer117@gmail.com,Kolkata,2024-04-17
118,Customer_118,customer118@gmail.com,Delhi,2025-03-30
119,Customer_119,customer119@gmail.com,Mumbai,2024-04-19
120,Customer_120,customer120@gmail.com,Delhi,2024-08-06
121,Customer_121,customer121@gmail.com,Delhi,2025-04-05
122,Customer_122,customer122@gmail.com,Bangalore,2024-05-14
123,Customer_123,customer123@gmail.com,Mumbai,2024-08-31
124,Customer_124,customer124@gmail.com,Delhi,2025-02-21
125,Customer_125,customer125@gmail.com,Kolkata,2024-05-24
126,Customer_126,customer126@gmail.com,Kolkata,2025-02-05
127,Customer_127,customer127@gmail.com,Chennai,2024-01-19
128,Customer_128,customer128@gmail.com,Chennai,2024-01-17
129,Customer_129,customer129@gmail.com,Mumbai,2024-11-23
130,Customer_130,customer130@gmail.com,Pune,2024-04-12
131,Customer_131,customer131@gmail.com,Kolkata,2024-05-26
132,Customer_132,customer132@gmail.com,Bangalore,2024-08-02
133,Customer_133,customer133@gmail.com,Kolkata,2024-05-18
134,Customer_134,customer134@gmail.com,Kolkata,2024-06-23
135,Customer_135,customer135@gmail.com,Bangalore,2024-01-12
136,Customer_136,customer136@gmail.com,Kolkata,2025-02-22
137,Customer_137,customer137@gmail.com,Hyderabad,2024-08-31
138,Customer_138,customer138@gmail.com,Mumbai,2025-01-10
139,Customer_139,customer139@gmail.com,Chennai,2025-05-13
140,Customer_140,customer140@gmail.com,Hyderabad,2024-12-26
141,Customer_141,customer141@gmail.com,Chennai,2025-05-11
142,Customer_142,customer142@gmail.com,Hyderabad,2024-04-27
143,Customer_143,customer143@gmail.com,Mumbai,2024-12-22
144,Customer_144,customer144@gmail.com,Kolkata,2024-11-07
145,Customer_145,customer145@gmail.com,Hyderabad,2024-03-01
146,Customer_146,customer146@gmail.com,Kolkata,2024-06-21
147,Customer_147,customer147@gmail.com,Delhi,2024-02-09
148,Customer_148,customer148@gmail.com,Chennai,2025-02-23
149,Customer_149,customer149@gmail.com,Bangalore,2024-04-20
150,Customer_150,customer150@gmail.com,Delhi,2024-01-28
151,Customer_151,customer151@gmail.com,Kolkata,2024-09-29
152,Customer_152,customer152@gmail.com,Bangalore,2025-02-21
153,Customer_153,customer153@gmail.com,Delhi,2025-03-13
154,Customer_154,customer154@gmail.com,Chennai,2025-02-25
155,Customer_155,customer155@gmail.com,Mumbai,2024-07-21
156,Customer_156,customer156@gmail.com,Pune,2024-02-26
157,Customer_157,customer157@gmail.com,Delhi,2024-04-06
158,Customer_158,customer158@gmail.com,Chennai,2024-08-19
159,Customer_159,customer159@gmail.com,Delhi,2025-02-02
160,Customer_160,customer160@gmail.com,Kolkata,2024-12-04
161,Customer_161,customer161@gmail.com,Delhi,2025-02-15
162,Customer_162,customer162@gmail.com,Delhi,2024-03-17
163,Customer_163,customer163@gmail.com,Bangalore,2024-09-21
164,Customer_164,customer164@gmail.com,Mumbai,2024-08-04
165,Customer_165,customer165@gmail.com,Delhi,2024-04-18
166,Customer_166,customer166@gmail.com,Chennai,2024-05-02
167,Customer_167,customer167@gmail.com,Hyderabad,2024-05-18
168,Customer_168,customer168@gmail.com,Bangalore,2024-12-29
169,Customer_169,customer169@gmail.com,Kolkata,2024-04-17
170,Customer_170,customer170@gmail.com,Hyderabad,2025-01-08
171,Customer_171,customer171@gmail.com,Delhi,2024-01-28
172,Customer_172,customer172@gmail.com,Delhi,2024-12-18
173,Customer_173,customer173@gmail.com,Chennai,2025-03-06
174,Customer_174,customer174@gmail.com,Hyderabad,2025-03-07
175,Customer_175,customer175@gmail.com,Chennai,2024-06-19
176,Customer_176,customer176@gmail.com,Delhi,2024-12-08
177,Customer_177,customer177@gmail.com,Chennai,2025-01-05
178,Customer_178,customer178@gmail.com,Mumbai,2025-01-03
179,Customer_179,customer179@gmail.com,Chennai,2024-01-01
180,Customer_180,customer180@gmail.com,Mumbai,2025-02-07
181,Customer_181,customer181@gmail.com,Mumbai,2024-01-22
182,Customer_182,customer182@gmail.com,Pune,2024-02-26
183,Customer_183,customer183@gmail.com,Bangalore,2024-10-12
184,Customer_184,customer184@gmail.com,Hyderabad,2025-05-02
185,Customer_185,customer185@gmail.com,Hyderabad,2025-01-27
186,Customer_186,customer186@gmail.com,Mumbai,2024-09-06
187,Customer_187,customer187@gmail.com,Mumbai,2024-04-16
188,Customer_188,customer188@gmail.com,Mumbai,2024-09-11
189,Customer_189,customer189@gmail.com,Delhi,2025-04-25
190,Customer_190,customer190@gmail.com,Chennai,2024-06-14
191,Customer_191,customer191@gmail.com,Pune,2024-05-15
192,Customer_192,customer192@gmail.com,Bangalore,2024-08-01
193,Customer_193,customer193@gmail.com,Chennai,2024-06-19
194,Customer_194,customer194@gmail.com,Chennai,2024-11-16
195,Customer_195,customer195@gmail.com,Chennai,2024-12-21
196,Customer_196,customer196@gmail.com,Delhi,2025-03-22
197,Customer_197,customer197@gmail.com,Hyderabad,2024-03-31
198,Customer_198,customer198@gmail.com,Mumbai,2024-12-06
199,Customer_199,customer199@gmail.com,Hyderabad,2025-03-22
200,Customer_200,customer200@gmail.com,Kolkata,2025-04-16
201,Customer_201,customer201@gmail.com,Chennai,2024-07-03
202,Customer_202,customer202@gmail.com,Pune,2024-06-24
203,Customer_203,customer203@gmail.com,Kolkata,2024-10-22
204,Customer_204,customer204@gmail.com,Bangalore,2024-10-15
205,Customer_205,customer205@gmail.com,Mumbai,2024-11-30
206,Customer_206,customer206@gmail.com,Mumbai,2024-06-12
207,Customer_207,customer207@gmail.com,Mumbai,2024-04-19
208,Customer_208,customer208@gmail.com,Delhi,2024-09-02
209,Customer_209,customer209@gmail.com,Delhi,2024-01-15
210,Customer_210,customer210@gmail.com,Mumbai,2024-01-16
211,Customer_211,customer211@gmail.com,Chennai,2024-08-10
212,Customer_212,customer212@gmail.com,Delhi,2024-06-03
213,Customer_213,customer213@gmail.com,Kolkata,2024-04-10
214,Customer_214,customer214@gmail.com,Hyderabad,2024-01-05
215,Customer_215,customer215@gmail.com,Kolkata,2025-03-21
216,Customer_216,customer216@gmail.com,Bangalore,2025-05-14
217,Customer_217,customer217@gmail.com,Pune,2024-06-06
218,Customer_218,customer218@gmail.com,Kolkata,2024-08-31
219,Customer_219,customer219@gmail.com,Kolkata,2024-07-16
220,Customer_220,customer220@gmail.com,Bangalore,2024-12-10
221,Customer_221,customer221@gmail.com,Bangalore,2025-03-31
222,Customer_222,customer222@gmail.com,Pune,2024-10-22
223,Customer_223,customer223@gmail.com,Bangalore,2025-04-01
224,Customer_224,customer224@gmail.com,Bangalore,2025-01-26
225,Customer_225,customer225@gmail.com,Hyderabad,2024-04-09
226,Customer_226,customer226@gmail.com,Bangalore,2024-06-06
227,Customer_227,customer227@gmail.com,Pune,2025-02-15
228,Customer_228,customer228@gmail.com,Delhi,2024-06-09
229,Customer_229,customer229@gmail.com,Delhi,2024-09-23
230,Customer_230,customer230@gmail.com,Bangalore,2024-04-13
231,Customer_231,customer231@gmail.com,Bangalore,2024-08-16
232,Customer_232,customer232@gmail.com,Chennai,2024-10-19
233,Customer_233,customer233@gmail.com,Delhi,2024-02-01
234,Customer_234,customer234@gmail.com,Kolkata,2024-10-09
235,Customer_235,customer235@gmail.com,Hyderabad,2024-11-06
236,Customer_236,customer236@gmail.com,Kolkata,2024-11-30
237,Customer_237,customer237@gmail.com,Kolkata,2024-02-05
238,Customer_238,customer238@gmail.com,Kolkata,2024-09-08
239,Customer_239,customer239@gmail.com,Chennai,2024-04-27
240,Customer_240,customer240@gmail.com,Kolkata,2024-06-05
241,Customer_241,customer241@gmail.com,Kolkata,2024-02-26
242,Customer_242,customer242@gmail.com,Delhi,2024-04-04
243,Customer_243,customer243@gmail.com,Pune,2024-11-05
244,Customer_244,customer244@gmail.com,Pune,2024-08-02
245,Customer_245,customer245@gmail.com,Kolkata,2024-11-10
246,Customer_246,customer246@gmail.com,Bangalore,2024-10-28
247,Customer_247,customer247@gmail.com,Kolkata,2024-06-22
248,Customer_248,customer248@gmail.com,Hyderabad,2024-03-19
249,Customer_249,customer249@gmail.com,Chennai,2024-09-22
250,Customer_250,customer250@gmail.com,Chennai,2024-11-03
251,Customer_251,customer251@gmail.com,Kolkata,2024-03-26
252,Customer_252,customer252@gmail.com,Chennai,2025-03-23
253,Customer_253,customer253@gmail.com,Pune,2024-12-20
254,Customer_254,customer254@gmail.com,Hyderabad,2024-12-05
255,Customer_255,customer255@gmail.com,Bangalore,2024-06-30
256,Customer_256,customer256@gmail.com,Bangalore,2025-03-27
257,Customer_257,customer257@gmail.com,Hyderabad,2024-03-05
258,Customer_258,customer258@gmail.com,Hyderabad,2025-04-04
259,Customer_259,customer259@gmail.com,Kolkata,2024-05-11
260,Customer_260,customer260@gmail.com,Chennai,2024-06-06
261,Customer_261,customer261@gmail.com,Mumbai,2024-07-31
262,Customer_262,customer262@gmail.com,Hyderabad,2024-12-21
263,Customer_263,customer263@gmail.com,Delhi,2024-08-21
264,Customer_264,customer264@gmail.com,Delhi,2024-07-31
265,Customer_265,customer265@gmail.com,Bangalore,2024-09-11
266,Customer_266,customer266@gmail.com,Pune,2025-02-10
267,Customer_267,customer267@gmail.com,Hyderabad,2024-07-06
268,Customer_268,customer268@gmail.com,Pune,2024-10-10
269,Customer_269,customer269@gmail.com,Chennai,2024-10-28
270,Customer_270,customer270@gmail.com,Hyderabad,2024-08-20
271,Customer_271,customer271@gmail.com,Hyderabad,2025-02-21
272,Customer_272,customer272@gmail.com,Delhi,2024-06-13
273,Customer_273,customer273@gmail.com,Bangalore,2024-08-06
274,Customer_274,customer274@gmail.com,Mumbai,2024-05-08
275,Customer_275,customer275@gmail.com,Chennai,2024-03-05
276,Customer_276,customer276@gmail.com,Delhi,2024-09-14
277,Customer_277,customer277@gmail.com,Pune,2024-12-27
278,Customer_278,customer278@gmail.com,Mumbai,2024-10-12
279,Customer_279,customer279@gmail.com,Hyderabad,2024-01-27
280,Customer_280,customer280@gmail.com,Hyderabad,2024-10-31
281,Customer_281,customer281@gmail.com,Delhi,2025-03-16
282,Customer_282,customer282@gmail.com,Delhi,2024-01-07
283,Customer_283,customer283@gmail.com,Chennai,2024-10-03
284,Customer_284,customer284@gmail.com,Mumbai,2025-04-07
285,Customer_285,customer285@gmail.com,Kolkata,2024-11-02
286,Customer_286,customer286@gmail.com,Chennai,2024-09-18
287,Customer_287,customer287@gmail.com,Chennai,2024-02-27
288,Customer_288,customer288@gmail.com,Bangalore,2025-02-23
289,Customer_289,customer289@gmail.com,Chennai,2025-03-12
290,Customer_290,customer290@gmail.com,Pune,2024-12-02
291,Customer_291,customer291@gmail.com,Hyderabad,2024-05-20
292,Customer_292,customer292@gmail.com,Hyderabad,2024-08-13
293,Customer_293,customer293@gmail.com,Kolkata,2025-02-27
294,Customer_294,customer294@gmail.com,Chennai,2024-01-31
295,Customer_295,customer295@gmail.com,Pune,2025-04-11
296,Customer_296,customer296@gmail.com,Hyderabad,2025-02-26
297,Customer_297,customer297@gmail.com,Kolkata,2024-08-04
298,Customer_298,customer298@gmail.com,Kolkata,2025-01-08
299,Customer_299,customer299@gmail.com,Chennai,2024-04-19
300,Customer_300,customer300@gmail.com,Chennai,2024-09-10
301,Customer_301,customer301@gmail.com,Delhi,2024-06-04
302,Customer_302,customer302@gmail.com,Hyderabad,2024-09-30
303,Customer_303,customer303@gmail.com,Kolkata,2024-03-17
304,Customer_304,customer304@gmail.com,Delhi,2024-07-03
305,Customer_305,customer305@gmail.com,Mumbai,2024-11-07
306,Customer_306,customer306@gmail.com,Delhi,2024-01-02
307,Customer_307,customer307@gmail.com,Chennai,2024-10-02
308,Customer_308,customer308@gmail.com,Hyderabad,2024-12-10
309,Customer_309,customer309@gmail.com,Mumbai,2025-01-04
310,Customer_310,customer310@gmail.com,Bangalore,2024-10-30
311,Customer_311,customer311@gmail.com,Chennai,2024-07-13
312,Customer_312,customer312@gmail.com,Pune,2024-08-04
313,Customer_313,customer313@gmail.com,Chennai,2024-06-11
314,Customer_314,customer314@gmail.com,Pune,2024-04-16
315,Customer_315,customer315@gmail.com,Hyderabad,2024-10-13
316,Customer_316,customer316@gmail.com,Pune,2024-05-28
317,Customer_317,customer317@gmail.com,Mumbai,2024-03-16
318,Customer_318,customer318@gmail.com,Kolkata,2024-05-30
319,Customer_319,customer319@gmail.com,Bangalore,2024-07-10
320,Customer_320,customer320@gmail.com,Mumbai,2025-03-10
321,Customer_321,customer321@gmail.com,Chennai,2024-04-20
322,Customer_322,customer322@gmail.com,Bangalore,2024-08-09
323,Customer_323,customer323@gmail.com,Pune,2024-06-21
324,Customer_324,customer324@gmail.com,Pune,2025-01-14
325,Customer_325,customer325@gmail.com,Kolkata,2024-12-07
326,Customer_326,customer326@gmail.com,Mumbai,2025-03-14
327,Customer_327,customer327@gmail.com,Kolkata,2025-01-02
328,Customer_328,customer328@gmail.com,Chennai,2024-10-25
329,Customer_329,customer329@gmail.com,Pune,2025-05-07
330,Customer_330,customer330@gmail.com,Kolkata,2025-04-28
331,Customer_331,customer331@gmail.com,Pune,2025-04-07
332,Customer_332,customer332@gmail.com,Kolkata,2025-01-03
333,Customer_333,customer333@gmail.com,Bangalore,2024-06-02
334,Customer_334,customer334@gmail.com,Bangalore,2025-04-04
335,Customer_335,customer335@gmail.com,Delhi,2025-01-29
336,Customer_336,customer336@gmail.com,Mumbai,2024-01-21
337,Customer_337,customer337@gmail.com,Chennai,2025-01-14
338,Customer_338,customer338@gmail.com,Delhi,2025-05-15
339,Customer_339,customer339@gmail.com,Mumbai,2024-09-30
340,Customer_340,customer340@gmail.com,Mumbai,2025-05-15
341,Customer_341,customer341@gmail.com,Hyderabad,2024-05-16
342,Customer_342,customer342@gmail.com,Kolkata,2024-09-26
343,Customer_343,customer343@gmail.com,Chennai,2025-03-22
344,Customer_344,customer344@gmail.com,Delhi,2024-04-27
345,Customer_345,customer345@gmail.com,Kolkata,2025-01-09
346,Customer_346,customer346@gmail.com,Hyderabad,2025-01-30
347,Customer_347,customer347@gmail.com,Bangalore,2025-02-09
348,Customer_348,customer348@gmail.com,Kolkata,2024-10-26
349,Customer_349,customer349@gmail.com,Mumbai,2024-04-28
350,Customer_350,customer350@gmail.com,Bangalore,2025-01-25
351,Customer_351,customer351@gmail.com,Pune,2025-01-15
352,Customer_352,customer352@gmail.com,Kolkata,2025-05-04
353,Customer_353,customer353@gmail.com,Pune,2025-02-20
354,Customer_354,customer354@gmail.com,Hyderabad,2024-08-02
355,Customer_355,customer355@gmail.com,Hyderabad,2025-03-11
356,Customer_356,customer356@gmail.com,Delhi,2024-11-16
357,Customer_357,customer357@gmail.com,Kolkata,2025-01-28
358,Customer_358,customer358@gmail.com,Mumbai,2024-09-18
359,Customer_359,customer359@gmail.com,Mumbai,2025-04-30
360,Customer_360,customer360@gmail.com,Bangalore,2024-08-01
361,Customer_361,customer361@gmail.com,Delhi,2024-03-28
362,Customer_362,customer362@gmail.com,Mumbai,2025-01-23
363,Customer_363,customer363@gmail.com,Bangalore,2024-06-07
364,Customer_364,customer364@gmail.com,Bangalore,2024-06-27
365,Customer_365,customer365@gmail.com,Mumbai,2024-01-15
366,Customer_366,customer366@gmail.com,Pune,2024-06-15
367,Customer_367,customer367@gmail.com,Bangalore,2024-04-07
368,Customer_368,customer368@gmail.com,Delhi,2025-03-23
369,Customer_369,customer369@gmail.com,Pune,2025-02-05
370,Customer_370,customer370@gmail.com,Kolkata,2024-02-29
371,Customer_371,customer371@gmail.com,Mumbai,2024-05-12
372,Customer_372,customer372@gmail.com,Mumbai,2025-02-18
373,Customer_373,customer373@gmail.com,Kolkata,2025-02-05
374,Customer_374,customer374@gmail.com,Hyderabad,2024-06-14
375,Customer_375,customer375@gmail.com,Mumbai,2024-03-05
376,Customer_376,customer376@gmail.com,Kolkata,2024-09-20
377,Customer_377,customer377@gmail.com,Hyderabad,2024-11-27
378,Customer_378,customer378@gmail.com,Hyderabad,2024-09-19
379,Customer_379,customer379@gmail.com,Kolkata,2024-01-29
380,Customer_380,customer380@gmail.com,Mumbai,2024-05-15
381,Customer_381,customer381@gmail.com,Chennai,2024-04-08
382,Customer_382,customer382@gmail.com,Mumbai,2025-03-26
383,Customer_383,customer383@gmail.com,Chennai,2024-03-08
384,Customer_384,customer384@gmail.com,Mumbai,2024-02-04
385,Customer_385,customer385@gmail.com,Hyderabad,2024-08-10
386,Customer_386,customer386@gmail.com,Delhi,2024-12-22
387,Customer_387,customer387@gmail.com,Pune,2025-03-31
388,Customer_388,customer388@gmail.com,Kolkata,2024-11-24
389,Customer_389,customer389@gmail.com,Kolkata,2024-07-16
390,Customer_390,customer390@gmail.com,Pune,2024-07-29
391,Customer_391,customer391@gmail.com,Chennai,2024-01-07
392,Customer_392,customer392@gmail.com,Kolkata,2024-05-28
393,Customer_393,customer393@gmail.com,Pune,2025-02-23
394,Customer_394,customer394@gmail.com,Kolkata,2025-03-14
395,Customer_395,customer395@gmail.com,Bangalore,2024-04-10
396,Customer_396,customer396@gmail.com,Chennai,2024-06-07
397,Customer_397,customer397@gmail.com,Delhi,2024-06-17
398,Customer_398,customer398@gmail.com,Mumbai,2024-05-08
399,Customer_399,customer399@gmail.com,Pune,2025-04-23
400,Customer_400,customer400@gmail.com,Hyderabad,2024-08-07
401,Customer_401,customer401@gmail.com,Delhi,2025-05-07
402,Customer_402,customer402@gmail.com,Pune,2024-04-25
403,Customer_403,customer403@gmail.com,Bangalore,2025-04-03
404,Customer_404,customer404@gmail.com,Hyderabad,2024-06-24
405,Customer_405,customer405@gmail.com,Mumbai,2025-01-25
406,Customer_406,customer406@gmail.com,Bangalore,2024-10-30
407,Customer_407,customer407@gmail.com,Mumbai,2024-09-05
408,Customer_408,customer408@gmail.com,Chennai,2024-03-17
409,Customer_409,customer409@gmail.com,Pune,2024-06-11
410,Customer_410,customer410@gmail.com,Delhi,2024-09-23
411,Customer_411,customer411@gmail.com,Pune,2024-01-18
412,Customer_412,customer412@gmail.com,Kolkata,2024-09-01
413,Customer_413,customer413@gmail.com,Bangalore,2024-01-02
414,Customer_414,customer414@gmail.com,Pune,2025-05-15
415,Customer_415,customer415@gmail.com,Kolkata,2024-12-20
416,Customer_416,customer416@gmail.com,Delhi,2024-11-19
417,Customer_417,customer417@gmail.com,Kolkata,2024-08-23
418,Customer_418,customer418@gmail.com,Bangalore,2025-03-25
419,Customer_419,customer419@gmail.com,Pune,2025-03-05
420,Customer_420,customer420@gmail.com,Delhi,2025-04-06
421,Customer_421,customer421@gmail.com,Pune,2025-03-30
422,Customer_422,customer422@gmail.com,Hyderabad,2025-03-25
423,Customer_423,customer423@gmail.com,Pune,2024-06-19
424,Customer_424,customer424@gmail.com,Kolkata,2024-11-06
425,Customer_425,customer425@gmail.com,Pune,2025-04-09
426,Customer_426,customer426@gmail.com,Chennai,2025-01-24
427,Customer_427,customer427@gmail.com,Hyderabad,2024-04-20
428,Customer_428,customer428@gmail.com,Delhi,2025-01-13
429,Customer_429,customer429@gmail.com,Kolkata,2025-01-31
430,Customer_430,customer430@gmail.com,Kolkata,2024-07-28
431,Customer_431,customer431@gmail.com,Kolkata,2024-03-16
432,Customer_432,customer432@gmail.com,Chennai,2024-05-17
433,Customer_433,customer433@gmail.com,Chennai,2025-05-10
434,Customer_434,customer434@gmail.com,Mumbai,2024-08-03
435,Customer_435,customer435@gmail.com,Chennai,2024-05-10
436,Customer_436,customer436@gmail.com,Delhi,2024-01-19
437,Customer_437,customer437@gmail.com,Chennai,2024-10-03
438,Customer_438,customer438@gmail.com,Pune,2024-06-01
439,Customer_439,customer439@gmail.com,Delhi,2025-04-21
440,Customer_440,customer440@gmail.com,Mumbai,2024-11-06
441,Customer_441,customer441@gmail.com,Hyderabad,2024-01-05
442,Customer_442,customer442@gmail.com,Mumbai,2024-12-12
443,Customer_443,customer443@gmail.com,Kolkata,2025-04-25
444,Customer_444,customer444@gmail.com,Delhi,2024-11-06
445,Customer_445,customer445@gmail.com,Mumbai,2025-02-26
446,Customer_446,customer446@gmail.com,Delhi,2024-12-24
447,Customer_447,customer447@gmail.com,Mumbai,2025-04-30
448,Customer_448,customer448@gmail.com,Pune,2024-08-29
449,Customer_449,customer449@gmail.com,Mumbai,2024-09-19
450,Customer_450,customer450@gmail.com,Kolkata,2024-02-27
451,Customer_451,customer451@gmail.com,Pune,2025-01-23
452,Customer_452,customer452@gmail.com,Mumbai,2025-03-06
453,Customer_453,customer453@gmail.com,Kolkata,2025-02-28
454,Customer_454,customer454@gmail.com,Delhi,2025-03-09
455,Customer_455,customer455@gmail.com,Bangalore,2024-10-19
456,Customer_456,customer456@gmail.com,Delhi,2024-06-19
457,Customer_457,customer457@gmail.com,Mumbai,2024-02-10
458,Customer_458,customer458@gmail.com,Delhi,2024-06-13
459,Customer_459,customer459@gmail.com,Chennai,2025-01-04
460,Customer_460,customer460@gmail.com,Mumbai,2024-11-15
461,Customer_461,customer461@gmail.com,Pune,2024-04-03
462,Customer_462,customer462@gmail.com,Chennai,2024-09-26
463,Customer_463,customer463@gmail.com,Bangalore,2024-01-04
464,Customer_464,customer464@gmail.com,Chennai,2025-03-21
465,Customer_465,customer465@gmail.com,Hyderabad,2024-03-24
466,Customer_466,customer466@gmail.com,Delhi,2024-04-13
467,Customer_467,customer467@gmail.com,Chennai,2024-05-13
468,Customer_468,customer468@gmail.com,Pune,2024-08-16
469,Customer_469,customer469@gmail.com,Delhi,2024-01-15
470,Customer_470,customer470@gmail.com,Hyderabad,2024-01-21
471,Customer_471,customer471@gmail.com,Kolkata,2024-02-08
472,Customer_472,customer472@gmail.com,Kolkata,2025-02-17
473,Customer_473,customer473@gmail.com,Delhi,2024-10-22
474,Customer_474,customer474@gmail.com,Mumbai,2024-08-21
475,Customer_475,customer475@gmail.com,Bangalore,2024-09-05
476,Customer_476,customer476@gmail.com,Pune,2024-06-05
477,Customer_477,customer477@gmail.com,Hyderabad,2025-02-01
478,Customer_478,customer478@gmail.com,Bangalore,2025-04-06
479,Customer_479,customer479@gmail.com,Chennai,2024-09-03
480,Customer_480,customer480@gmail.com,Kolkata,2024-09-29
481,Customer_481,customer481@gmail.com,Kolkata,2025-03-26
482,Customer_482,customer482@gmail.com,Bangalore,2024-07-04
483,Customer_483,customer483@gmail.com,Mumbai,2024-01-05
484,Customer_484,customer484@gmail.com,Pune,2024-11-05
485,Customer_485,customer485@gmail.com,Bangalore,2024-09-12
486,Customer_486,customer486@gmail.com,Pune,2024-04-21
487,Customer_487,customer487@gmail.com,Chennai,2024-08-18
488,Customer_488,customer488@gmail.com,Hyderabad,2025-04-18
489,Customer_489,customer489@gmail.com,Hyderabad,2024-07-14
490,Customer_490,customer490@gmail.com,Delhi,2024-03-10
491,Customer_491,customer491@gmail.com,Kolkata,2025-04-04
492,Customer_492,customer492@gmail.com,Bangalore,2024-01-09
493,Customer_493,customer493@gmail.com,Delhi,2024-03-17
494,Customer_494,customer494@gmail.com,Mumbai,2024-05-22
495,Customer_495,customer495@gmail.com,Delhi,2024-05-09
496,Customer_496,customer496@gmail.com,Delhi,2024-09-07
497,Customer_497,customer497@gmail.com,Delhi,2024-06-09
498,Customer_498,customer498@gmail.com,Bangalore,2024-01-08
499,Customer_499,customer499@gmail.com,Mumbai,2024-11-18
500,Customer_500,customer500@gmail.com,Kolkata,2024-07-17
501,Customer_501,customer501@gmail.com,Chennai,2024-03-15
502,Customer_502,customer502@gmail.com,Kolkata,2025-03-25
503,Customer_503,customer503@gmail.com,Chennai,2024-08-28
504,Customer_504,customer504@gmail.com,Pune,2025-03-11
505,Customer_505,customer505@gmail.com,Hyderabad,2025-01-15
506,Customer_506,customer506@gmail.com,Mumbai,2024-08-17
507,Customer_507,customer507@gmail.com,Bangalore,2024-12-04
508,Customer_508,customer508@gmail.com,Delhi,2025-03-20
509,Customer_509,customer509@gmail.com,Chennai,2024-08-19
510,Customer_510,customer510@gmail.com,Kolkata,2024-08-17
511,Customer_511,customer511@gmail.com,Pune,2024-11-08
512,Customer_512,customer512@gmail.com,Kolkata,2024-01-09
513,Customer_513,customer513@gmail.com,Pune,2024-11-16
514,Customer_514,customer514@gmail.com,Pune,2024-12-09
515,Customer_515,customer515@gmail.com,Hyderabad,2024-11-11
516,Customer_516,customer516@gmail.com,Chennai,2024-12-06
517,Customer_517,customer517@gmail.com,Pune,2024-08-05
518,Customer_518,customer518@gmail.com,Hyderabad,2024-11-19
519,Customer_519,customer519@gmail.com,Chennai,2024-08-04
520,Customer_520,customer520@gmail.com,Chennai,2024-10-10
521,Customer_521,customer521@gmail.com,Bangalore,2024-02-13
522,Customer_522,customer522@gmail.com,Mumbai,2024-01-27
523,Customer_523,customer523@gmail.com,Kolkata,2024-04-18
524,Customer_524,customer524@gmail.com,Kolkata,2025-04-05
525,Customer_525,customer525@gmail.com,Bangalore,2024-08-14
526,Customer_526,customer526@gmail.com,Bangalore,2024-09-21
527,Customer_527,customer527@gmail.com,Chennai,2024-05-25
528,Customer_528,customer528@gmail.com,Hyderabad,2024-01-30
529,Customer_529,customer529@gmail.com,Chennai,2025-04-19
530,Customer_530,customer530@gmail.com,Delhi,2024-04-19
531,Customer_531,customer531@gmail.com,Chennai,2024-10-18
532,Customer_532,customer532@gmail.com,Chennai,2024-12-16
533,Customer_533,customer533@gmail.com,Chennai,2024-07-24
534,Customer_534,customer534@gmail.com,Chennai,2025-04-28
535,Customer_535,customer535@gmail.com,Mumbai,2024-03-31
536,Customer_536,customer536@gmail.com,Chennai,2025-05-15
537,Customer_537,customer537@gmail.com,Kolkata,2024-06-19
538,Customer_538,customer538@gmail.com,Kolkata,2024-09-10
539,Customer_539,customer539@gmail.com,Pune,2024-12-10
540,Customer_540,customer540@gmail.com,Bangalore,2024-02-20
541,Customer_541,customer541@gmail.com,Mumbai,2024-05-06
542,Customer_542,customer542@gmail.com,Hyderabad,2024-04-24
543,Customer_543,customer543@gmail.com,Delhi,2025-02-25
544,Customer_544,customer544@gmail.com,Mumbai,2024-02-07
545,Customer_545,customer545@gmail.com,Bangalore,2024-02-17
546,Customer_546,customer546@gmail.com,Kolkata,2024-09-10
547,Customer_547,customer547@gmail.com,Mumbai,2024-10-25
548,Customer_548,customer548@gmail.com,Delhi,2024-04-14
549,Customer_549,customer549@gmail.com,Hyderabad,2024-10-08
550,Customer_550,customer550@gmail.com,Mumbai,2024-11-20
551,Customer_551,customer551@gmail.com,Chennai,2024-09-14
552,Customer_552,customer552@gmail.com,Hyderabad,2024-12-11
553,Customer_553,customer553@gmail.com,Kolkata,2024-10-13
554,Customer_554,customer554@gmail.com,Hyderabad,2024-01-06
555,Customer_555,customer555@gmail.com,Bangalore,2025-01-24
556,Customer_556,customer556@gmail.com,Bangalore,2025-03-21
557,Customer_557,customer557@gmail.com,Delhi,2024-05-22
558,Customer_558,customer558@gmail.com,Bangalore,2024-01-13
559,Customer_559,customer559@gmail.com,Mumbai,2024-05-12
560,Customer_560,customer560@gmail.com,Mumbai,2024-01-13
561,Customer_561,customer561@gmail.com,Mumbai,2024-12-17
562,Customer_562,customer562@gmail.com,Delhi,2024-08-27
563,Customer_563,customer563@gmail.com,Chennai,2025-05-10
564,Customer_564,customer564@gmail.com,Mumbai,2024-11-14
565,Customer_565,customer565@gmail.com,Kolkata,2024-10-09
566,Customer_566,customer566@gmail.com,Mumbai,2024-04-26
567,Customer_567,customer567@gmail.com,Mumbai,2024-10-31
568,Customer_568,customer568@gmail.com,Kolkata,2024-06-17
569,Customer_569,customer569@gmail.com,Chennai,2025-03-08
570,Customer_570,customer570@gmail.com,Hyderabad,2024-01-13
571,Customer_571,customer571@gmail.com,Mumbai,2024-10-24
572,Customer_572,customer572@gmail.com,Hyderabad,2024-01-24
573,Customer_573,customer573@gmail.com,Mumbai,2025-01-24
574,Customer_574,customer574@gmail.com,Mumbai,2024-12-03
575,Customer_575,customer575@gmail.com,Pune,2024-09-10
576,Customer_576,customer576@gmail.com,Hyderabad,2024-01-13
577,Customer_577,customer577@gmail.com,Delhi,2024-04-22
578,Customer_578,customer578@gmail.com,Pune,2024-06-24
579,Customer_579,customer579@gmail.com,Pune,2025-02-06
580,Customer_580,customer580@gmail.com,Bangalore,2024-10-09
581,Customer_581,customer581@gmail.com,Bangalore,2024-03-15
582,Customer_582,customer582@gmail.com,Hyderabad,2025-05-01
583,Customer_583,customer583@gmail.com,Bangalore,2024-04-17
584,Customer_584,customer584@gmail.com,Kolkata,2024-04-11
585,Customer_585,customer585@gmail.com,Delhi,2024-06-10
586,Customer_586,customer586@gmail.com,Chennai,2025-02-17
587,Customer_587,customer587@gmail.com,Delhi,2024-10-21
588,Customer_588,customer588@gmail.com,Bangalore,2024-02-16
589,Customer_589,customer589@gmail.com,Delhi,2024-03-04
590,Customer_590,customer590@gmail.com,Bangalore,2024-12-18
591,Customer_591,customer591@gmail.com,Pune,2025-01-01
592,Customer_592,customer592@gmail.com,Chennai,2024-02-15
593,Customer_593,customer593@gmail.com,Kolkata,2024-05-06
594,Customer_594,customer594@gmail.com,Mumbai,2025-02-25
595,Customer_595,customer595@gmail.com,Hyderabad,2024-04-26
596,Customer_596,customer596@gmail.com,Delhi,2024-06-16
597,Customer_597,customer597@gmail.com,Delhi,2024-09-30
598,Customer_598,customer598@gmail.com,Hyderabad,2025-01-31
599,Customer_599,customer599@gmail.com,Kolkata,2025-02-04
600,Customer_600,customer600@gmail.com,Hyderabad,2024-11-25
601,Customer_601,customer601@gmail.com,Hyderabad,2024-06-18
602,Customer_602,customer602@gmail.com,Bangalore,2024-06-29
603,Customer_603,customer603@gmail.com,Kolkata,2025-02-03
604,Customer_604,customer604@gmail.com,Kolkata,2024-01-30
605,Customer_605,customer605@gmail.com,Hyderabad,2024-02-19
606,Customer_606,customer606@gmail.com,Chennai,2025-04-26
607,Customer_607,customer607@gmail.com,Bangalore,2024-02-05
608,Customer_608,customer608@gmail.com,Pune,2024-11-30
609,Customer_609,customer609@gmail.com,Bangalore,2024-09-20
610,Customer_610,customer610@gmail.com,Kolkata,2024-04-08
611,Customer_611,customer611@gmail.com,Hyderabad,2025-05-10
612,Customer_612,customer612@gmail.com,Pune,2024-11-14
613,Customer_613,customer613@gmail.com,Pune,2024-02-04
614,Customer_614,customer614@gmail.com,Pune,2024-05-25
615,Customer_615,customer615@gmail.com,Chennai,2025-03-06
616,Customer_616,customer616@gmail.com,Kolkata,2024-12-07
617,Customer_617,customer617@gmail.com,Kolkata,2025-01-21
618,Customer_618,customer618@gmail.com,Kolkata,2025-01-01
619,Customer_619,customer619@gmail.com,Pune,2025-02-19
620,Customer_620,customer620@gmail.com,Bangalore,2024-06-18
621,Customer_621,customer621@gmail.com,Kolkata,2024-01-28
622,Customer_622,customer622@gmail.com,Bangalore,2024-07-22
623,Customer_623,customer623@gmail.com,Kolkata,2024-09-30
624,Customer_624,customer624@gmail.com,Chennai,2024-09-24
625,Customer_625,customer625@gmail.com,Hyderabad,2024-07-12
626,Customer_626,customer626@gmail.com,Mumbai,2024-03-15
627,Customer_627,customer627@gmail.com,Kolkata,2025-01-23
628,Customer_628,customer628@gmail.com,Mumbai,2025-04-13
629,Customer_629,customer629@gmail.com,Chennai,2025-04-26
630,Customer_630,customer630@gmail.com,Mumbai,2024-04-23
631,Customer_631,customer631@gmail.com,Mumbai,2024-03-19
632,Customer_632,customer632@gmail.com,Mumbai,2024-08-07
633,Customer_633,customer633@gmail.com,Mumbai,2025-04-14
634,Customer_634,customer634@gmail.com,Chennai,2024-04-27
635,Customer_635,customer635@gmail.com,Delhi,2024-06-20
636,Customer_636,customer636@gmail.com,Chennai,2025-04-04
637,Customer_637,customer637@gmail.com,Hyderabad,2024-12-09
638,Customer_638,customer638@gmail.com,Chennai,2024-04-22
639,Customer_639,customer639@gmail.com,Kolkata,2024-05-11
640,Customer_640,customer640@gmail.com,Chennai,2024-05-08
641,Customer_641,customer641@gmail.com,Pune,2025-02-13
642,Customer_642,customer642@gmail.com,Kolkata,2024-10-16
643,Customer_643,customer643@gmail.com,Kolkata,2024-08-14
644,Customer_644,customer644@gmail.com,Delhi,2024-08-09
645,Customer_645,customer645@gmail.com,Delhi,2024-07-01
646,Customer_646,customer646@gmail.com,Pune,2025-04-08
647,Customer_647,customer647@gmail.com,Chennai,2024-02-08
648,Customer_648,customer648@gmail.com,Bangalore,2024-01-26
649,Customer_649,customer649@gmail.com,Hyderabad,2025-04-11
650,Customer_650,customer650@gmail.com,Pune,2025-02-27
651,Customer_651,customer651@gmail.com,Delhi,2025-01-02
652,Customer_652,customer652@gmail.com,Mumbai,2025-04-28
653,Customer_653,customer653@gmail.com,Hyderabad,2024-05-09
654,Customer_654,customer654@gmail.com,Delhi,2024-05-22
655,Customer_655,customer655@gmail.com,Chennai,2025-01-27
656,Customer_656,customer656@gmail.com,Kolkata,2024-10-15
657,Customer_657,customer657@gmail.com,Bangalore,2024-08-19
658,Customer_658,customer658@gmail.com,Bangalore,2025-03-20
659,Customer_659,customer659@gmail.com,Chennai,2024-08-02
660,Customer_660,customer660@gmail.com,Delhi,2025-05-04
661,Customer_661,customer661@gmail.com,Pune,2024-12-28
662,Customer_662,customer662@gmail.com,Hyderabad,2025-03-27
663,Customer_663,customer663@gmail.com,Mumbai,2024-02-11
664,Customer_664,customer664@gmail.com,Chennai,2025-03-08
665,Customer_665,customer665@gmail.com,Chennai,2024-10-07
666,Customer_666,customer666@gmail.com,Kolkata,2024-09-08
667,Customer_667,customer667@gmail.com,Bangalore,2024-05-18
668,Customer_668,customer668@gmail.com,Chennai,2024-04-05
669,Customer_669,customer669@gmail.com,Kolkata,2024-10-08
670,Customer_670,customer670@gmail.com,Chennai,2025-02-25
671,Customer_671,customer671@gmail.com,Chennai,2024-09-04
672,Customer_672,customer672@gmail.com,Mumbai,2024-06-01
673,Customer_673,customer673@gmail.com,Bangalore,2025-02-02
674,Customer_674,customer674@gmail.com,Hyderabad,2024-08-20
675,Customer_675,customer675@gmail.com,Delhi,2024-03-02
676,Customer_676,customer676@gmail.com,Delhi,2025-01-11
677,Customer_677,customer677@gmail.com,Chennai,2025-02-03
678,Customer_678,customer678@gmail.com,Mumbai,2025-04-10
679,Customer_679,customer679@gmail.com,Pune,2024-02-10
680,Customer_680,customer680@gmail.com,Hyderabad,2024-01-02
681,Customer_681,customer681@gmail.com,Bangalore,2025-04-14
682,Customer_682,customer682@gmail.com,Hyderabad,2024-02-08
683,Customer_683,customer683@gmail.com,Hyderabad,2025-03-08
684,Customer_684,customer684@gmail.com,Mumbai,2025-05-02
685,Customer_685,customer685@gmail.com,Delhi,2024-12-04
686,Customer_686,customer686@gmail.com,Chennai,2025-03-10
687,Customer_687,customer687@gmail.com,Delhi,2024-04-28
688,Customer_688,customer688@gmail.com,Mumbai,2025-02-15
689,Customer_689,customer689@gmail.com,Hyderabad,2024-09-16
690,Customer_690,customer690@gmail.com,Mumbai,2024-08-11
691,Customer_691,customer691@gmail.com,Bangalore,2024-02-18
692,Customer_692,customer692@gmail.com,Mumbai,2024-05-28
693,Customer_693,customer693@gmail.com,Mumbai,2024-10-23
694,Customer_694,customer694@gmail.com,Mumbai,2024-07-26
695,Customer_695,customer695@gmail.com,Hyderabad,2024-07-21
696,Customer_696,customer696@gmail.com,Delhi,2024-04-10
697,Customer_697,customer697@gmail.com,Hyderabad,2025-01-19
698,Customer_698,customer698@gmail.com,Pune,2024-09-09
699,Customer_699,customer699@gmail.com,Bangalore,2024-07-04
700,Customer_700,customer700@gmail.com,Chennai,2024-01-08
701,Customer_701,customer701@gmail.com,Kolkata,2024-11-23
702,Customer_702,customer702@gmail.com,Mumbai,2024-11-14
703,Customer_703,customer703@gmail.com,Mumbai,2024-04-30
704,Customer_704,customer704@gmail.com,Delhi,2025-01-20
705,Customer_705,customer705@gmail.com,Mumbai,2024-01-04
706,Customer_706,customer706@gmail.com,Hyderabad,2024-01-03
707,Customer_707,customer707@gmail.com,Bangalore,2024-01-26
708,Customer_708,customer708@gmail.com,Kolkata,2024-03-23
709,Customer_709,customer709@gmail.com,Hyderabad,2025-01-24
710,Customer_710,customer710@gmail.com,Mumbai,2024-07-29
711,Customer_711,customer711@gmail.com,Bangalore,2024-08-18
712,Customer_712,customer712@gmail.com,Kolkata,2024-11-20
713,Customer_713,customer713@gmail.com,Mumbai,2024-11-24
714,Customer_714,customer714@gmail.com,Pune,2024-04-17
715,Customer_715,customer715@gmail.com,Delhi,2024-02-15
716,Customer_716,customer716@gmail.com,Pune,2024-05-28
717,Customer_717,customer717@gmail.com,Mumbai,2025-02-23
718,Customer_718,customer718@gmail.com,Delhi,2024-11-23
719,Customer_719,customer719@gmail.com,Chennai,2024-12-05
720,Customer_720,customer720@gmail.com,Hyderabad,2024-03-30
721,Customer_721,customer721@gmail.com,Pune,2024-04-11
722,Customer_722,customer722@gmail.com,Pune,2025-02-08
723,Customer_723,customer723@gmail.com,Delhi,2024-10-29
724,Customer_724,customer724@gmail.com,Delhi,2024-04-26
725,Customer_725,customer725@gmail.com,Pune,2024-04-07
726,Customer_726,customer726@gmail.com,Kolkata,2024-11-25
727,Customer_727,customer727@gmail.com,Bangalore,2024-10-04
728,Customer_728,customer728@gmail.com,Hyderabad,2024-10-30
729,Customer_729,customer729@gmail.com,Bangalore,2025-04-17
730,Customer_730,customer730@gmail.com,Mumbai,2024-05-23
731,Customer_731,customer731@gmail.com,Kolkata,2024-10-06
732,Customer_732,customer732@gmail.com,Mumbai,2024-02-13
733,Customer_733,customer733@gmail.com,Hyderabad,2024-02-04
734,Customer_734,customer734@gmail.com,Mumbai,2024-01-31
735,Customer_735,customer735@gmail.com,Kolkata,2024-10-12
736,Customer_736,customer736@gmail.com,Hyderabad,2024-05-18
737,Customer_737,customer737@gmail.com,Pune,2025-03-07
738,Customer_738,customer738@gmail.com,Mumbai,2024-12-31
739,Customer_739,customer739@gmail.com,Chennai,2024-02-15
740,Customer_740,customer740@gmail.com,Hyderabad,2024-02-18
741,Customer_741,customer741@gmail.com,Bangalore,2024-06-01
742,Customer_742,customer742@gmail.com,Chennai,2024-04-02
743,Customer_743,customer743@gmail.com,Mumbai,2024-03-03
744,Customer_744,customer744@gmail.com,Mumbai,2025-01-26
745,Customer_745,customer745@gmail.com,Hyderabad,2024-08-16
746,Customer_746,customer746@gmail.com,Bangalore,2024-07-16
747,Customer_747,customer747@gmail.com,Mumbai,2025-01-02
748,Customer_748,customer748@gmail.com,Mumbai,2024-10-29
749,Customer_749,customer749@gmail.com,Delhi,2024-12-27
750,Customer_750,customer750@gmail.com,Delhi,2024-05-25
751,Customer_751,customer751@gmail.com,Chennai,2024-10-27
752,Customer_752,customer752@gmail.com,Hyderabad,2024-09-30
753,Customer_753,customer753@gmail.com,Delhi,2024-10-27
754,Customer_754,customer754@gmail.com,Pune,2025-04-03
755,Customer_755,customer755@gmail.com,Hyderabad,2024-04-25
756,Customer_756,customer756@gmail.com,Kolkata,2025-01-16
757,Customer_757,customer757@gmail.com,Delhi,2025-01-14
758,Customer_758,customer758@gmail.com,Chennai,2024-08-21
759,Customer_759,customer759@gmail.com,Kolkata,2024-05-27
760,Customer_760,customer760@gmail.com,Bangalore,2025-03-02
761,Customer_761,customer761@gmail.com,Kolkata,2024-04-27
762,Customer_762,customer762@gmail.com,Kolkata,2024-02-23
763,Customer_763,customer763@gmail.com,Delhi,2024-11-24
764,Customer_764,customer764@gmail.com,Chennai,2024-12-29
765,Customer_765,customer765@gmail.com,Hyderabad,2024-02-20
766,Customer_766,customer766@gmail.com,Pune,2024-02-10
767,Customer_767,customer767@gmail.com,Pune,2024-07-20
768,Customer_768,customer768@gmail.com,Pune,2024-07-22
769,Customer_769,customer769@gmail.com,Mumbai,2024-12-15
770,Customer_770,customer770@gmail.com,Pune,2025-05-01
771,Customer_771,customer771@gmail.com,Chennai,2025-05-07
772,Customer_772,customer772@gmail.com,Chennai,2024-09-20
773,Customer_773,customer773@gmail.com,Delhi,2024-02-08
774,Customer_774,customer774@gmail.com,Mumbai,2024-07-24
775,Customer_775,customer775@gmail.com,Bangalore,2024-10-16
776,Customer_776,customer776@gmail.com,Hyderabad,2024-11-12
777,Customer_777,customer777@gmail.com,Kolkata,2025-05-03
778,Customer_778,customer778@gmail.com,Mumbai,2024-10-11
779,Customer_779,customer779@gmail.com,Kolkata,2024-01-01
780,Customer_780,customer780@gmail.com,Delhi,2024-04-15
781,Customer_781,customer781@gmail.com,Kolkata,2024-01-18
782,Customer_782,customer782@gmail.com,Bangalore,2024-09-22
783,Customer_783,customer783@gmail.com,Bangalore,2024-06-19
784,Customer_784,customer784@gmail.com,Delhi,2025-01-22
785,Customer_785,customer785@gmail.com,Pune,2024-07-24
786,Customer_786,customer786@gmail.com,Delhi,2024-05-29
787,Customer_787,customer787@gmail.com,Hyderabad,2024-02-14
788,Customer_788,customer788@gmail.com,Hyderabad,2025-03-31
789,Customer_789,customer789@gmail.com,Hyderabad,2025-04-02
790,Customer_790,customer790@gmail.com,Mumbai,2025-01-19
791,Customer_791,customer791@gmail.com,Kolkata,2024-10-03
792,Customer_792,customer792@gmail.com,Chennai,2025-03-15
793,Customer_793,customer793@gmail.com,Chennai,2024-06-30
794,Customer_794,customer794@gmail.com,Chennai,2025-05-06
795,Customer_795,customer795@gmail.com,Hyderabad,2025-01-09
796,Customer_796,customer796@gmail.com,Mumbai,2024-01-06
797,Customer_797,customer797@gmail.com,Kolkata,2025-03-03
798,Customer_798,customer798@gmail.com,Hyderabad,2024-05-28
799,Customer_799,customer799@gmail.com,Kolkata,2024-05-21
800,Customer_800,customer800@gmail.com,Hyderabad,2025-04-10
801,Customer_801,customer801@gmail.com,Pune,2024-07-26
802,Customer_802,customer802@gmail.com,Chennai,2025-01-22
803,Customer_803,customer803@gmail.com,Kolkata,2024-05-22
804,Customer_804,customer804@gmail.com,Pune,2025-02-23
805,Customer_805,customer805@gmail.com,Mumbai,2024-12-12
806,Customer_806,customer806@gmail.com,Pune,2024-11-26
807,Customer_807,customer807@gmail.com,Delhi,2024-02-11
808,Customer_808,customer808@gmail.com,Pune,2024-02-24
809,Customer_809,customer809@gmail.com,Pune,2024-08-20
810,Customer_810,customer810@gmail.com,Bangalore,2024-06-02
811,Customer_811,customer811@gmail.com,Kolkata,2024-11-19
812,Customer_812,customer812@gmail.com,Kolkata,2024-05-01
813,Customer_813,customer813@gmail.com,Bangalore,2025-05-12
814,Customer_814,customer814@gmail.com,Pune,2024-01-11
815,Customer_815,customer815@gmail.com,Mumbai,2025-02-22
816,Customer_816,customer816@gmail.com,Delhi,2025-01-25
817,Customer_817,customer817@gmail.com,Kolkata,2024-08-16
818,Customer_818,customer818@gmail.com,Hyderabad,2025-05-04
819,Customer_819,customer819@gmail.com,Kolkata,2024-04-24
820,Customer_820,customer820@gmail.com,Hyderabad,2024-06-02
821,Customer_821,customer821@gmail.com,Hyderabad,2024-11-24
822,Customer_822,customer822@gmail.com,Pune,2024-11-05
823,Customer_823,customer823@gmail.com,Delhi,2024-11-02
824,Customer_824,customer824@gmail.com,Kolkata,2024-08-17
825,Customer_825,customer825@gmail.com,Delhi,2024-09-21
826,Customer_826,customer826@gmail.com,Mumbai,2024-12-31
827,Customer_827,customer827@gmail.com,Hyderabad,2024-12-14
828,Customer_828,customer828@gmail.com,Kolkata,2024-02-28
829,Customer_829,customer829@gmail.com,Delhi,2024-11-13
830,Customer_830,customer830@gmail.com,Hyderabad,2024-02-13
831,Customer_831,customer831@gmail.com,Hyderabad,2025-02-16
832,Customer_832,customer832@gmail.com,Pune,2024-08-20
833,Customer_833,customer833@gmail.com,Hyderabad,2024-08-01
834,Customer_834,customer834@gmail.com,Mumbai,2024-05-02
835,Customer_835,customer835@gmail.com,Mumbai,2024-11-21
836,Customer_836,customer836@gmail.com,Delhi,2024-04-22
837,Customer_837,customer837@gmail.com,Delhi,2024-06-16
838,Customer_838,customer838@gmail.com,Delhi,2024-01-24
839,Customer_839,customer839@gmail.com,Delhi,2024-07-16
840,Customer_840,customer840@gmail.com,Hyderabad,2024-01-13
841,Customer_841,customer841@gmail.com,Delhi,2024-11-06
842,Customer_842,customer842@gmail.com,Pune,2024-04-11
843,Customer_843,customer843@gmail.com,Pune,2024-08-25
844,Customer_844,customer844@gmail.com,Chennai,2025-04-01
845,Customer_845,customer845@gmail.com,Delhi,2024-06-28
846,Customer_846,customer846@gmail.com,Kolkata,2024-06-28
847,Customer_847,customer847@gmail.com,Pune,2024-11-20
848,Customer_848,customer848@gmail.com,Kolkata,2024-06-08
849,Customer_849,customer849@gmail.com,Mumbai,2024-01-26
850,Customer_850,customer850@gmail.com,Mumbai,2024-03-03
851,Customer_851,customer851@gmail.com,Bangalore,2025-05-10
852,Customer_852,customer852@gmail.com,Chennai,2024-06-17
853,Customer_853,customer853@gmail.com,Mumbai,2024-04-28
854,Customer_854,customer854@gmail.com,Delhi,2024-01-31
855,Customer_855,customer855@gmail.com,Bangalore,2024-07-19
856,Customer_856,customer856@gmail.com,Delhi,2025-01-11
857,Customer_857,customer857@gmail.com,Mumbai,2024-08-24
858,Customer_858,customer858@gmail.com,Pune,2024-12-21
859,Customer_859,customer859@gmail.com,Hyderabad,2024-11-22
860,Customer_860,customer860@gmail.com,Kolkata,2024-10-31
861,Customer_861,customer861@gmail.com,Hyderabad,2024-08-11
862,Customer_862,customer862@gmail.com,Pune,2024-10-09
863,Customer_863,customer863@gmail.com,Kolkata,2025-03-04
864,Customer_864,customer864@gmail.com,Pune,2025-02-20
865,Customer_865,customer865@gmail.com,Kolkata,2024-03-09
866,Customer_866,customer866@gmail.com,Hyderabad,2025-04-11
867,Customer_867,customer867@gmail.com,Hyderabad,2024-02-04
868,Customer_868,customer868@gmail.com,Pune,2024-09-08
869,Customer_869,customer869@gmail.com,Chennai,2024-10-02
870,Customer_870,customer870@gmail.com,Chennai,2024-02-14
871,Customer_871,customer871@gmail.com,Hyderabad,2024-12-16
872,Customer_872,customer872@gmail.com,Kolkata,2025-03-15
873,Customer_873,customer873@gmail.com,Pune,2024-03-11
874,Customer_874,customer874@gmail.com,Chennai,2024-11-09
875,Customer_875,customer875@gmail.com,Hyderabad,2024-07-21
876,Customer_876,customer876@gmail.com,Kolkata,2024-03-13
877,Customer_877,customer877@gmail.com,Mumbai,2024-02-04
878,Customer_878,customer878@gmail.com,Bangalore,2024-02-10
879,Customer_879,customer879@gmail.com,Mumbai,2025-02-15
880,Customer_880,customer880@gmail.com,Chennai,2024-10-27
881,Customer_881,customer881@gmail.com,Bangalore,2024-04-15
882,Customer_882,customer882@gmail.com,Delhi,2025-03-21
883,Customer_883,customer883@gmail.com,Chennai,2024-12-25
884,Customer_884,customer884@gmail.com,Kolkata,2024-07-22
885,Customer_885,customer885@gmail.com,Hyderabad,2024-04-14
886,Customer_886,customer886@gmail.com,Mumbai,2024-12-30
887,Customer_887,customer887@gmail.com,Chennai,2024-11-01
888,Customer_888,customer888@gmail.com,Chennai,2024-05-08
889,Customer_889,customer889@gmail.com,Kolkata,2024-10-20
890,Customer_890,customer890@gmail.com,Hyderabad,2025-02-27
891,Customer_891,customer891@gmail.com,Delhi,2025-01-02
892,Customer_892,customer892@gmail.com,Pune,2025-03-30
893,Customer_893,customer893@gmail.com,Delhi,2024-05-31
894,Customer_894,customer894@gmail.com,Kolkata,2024-09-04
895,Customer_895,customer895@gmail.com,Pune,2024-10-08
896,Customer_896,customer896@gmail.com,Kolkata,2024-04-10
897,Customer_897,customer897@gmail.com,Mumbai,2024-06-10
898,Customer_898,customer898@gmail.com,Hyderabad,2024-10-02
899,Customer_899,customer899@gmail.com,Hyderabad,2024-02-10
900,Customer_900,customer900@gmail.com,Pune,2024-03-24
901,Customer_901,customer901@gmail.com,Pune,2024-02-22
902,Customer_902,customer902@gmail.com,Delhi,2024-10-26
903,Customer_903,customer903@gmail.com,Delhi,2024-12-27
904,Customer_904,customer904@gmail.com,Mumbai,2025-01-06
905,Customer_905,customer905@gmail.com,Hyderabad,2025-02-11
906,Customer_906,customer906@gmail.com,Kolkata,2024-01-08
907,Customer_907,customer907@gmail.com,Mumbai,2024-09-25
908,Customer_908,customer908@gmail.com,Delhi,2024-01-14
909,Customer_909,customer909@gmail.com,Hyderabad,2025-03-21
910,Customer_910,customer910@gmail.com,Kolkata,2024-08-02
911,Customer_911,customer911@gmail.com,Bangalore,2025-04-02
912,Customer_912,customer912@gmail.com,Bangalore,2025-03-18
913,Customer_913,customer913@gmail.com,Mumbai,2025-02-25
914,Customer_914,customer914@gmail.com,Bangalore,2024-11-13
915,Customer_915,customer915@gmail.com,Kolkata,2024-09-27
916,Customer_916,customer916@gmail.com,Mumbai,2024-08-06
917,Customer_917,customer917@gmail.com,Pune,2024-07-13
918,Customer_918,customer918@gmail.com,Mumbai,2024-04-19
919,Customer_919,customer919@gmail.com,Pune,2024-09-07
920,Customer_920,customer920@gmail.com,Chennai,2024-02-11
921,Customer_921,customer921@gmail.com,Mumbai,2025-02-20
922,Customer_922,customer922@gmail.com,Hyderabad,2025-03-05
923,Customer_923,customer923@gmail.com,Kolkata,2024-06-21
924,Customer_924,customer924@gmail.com,Bangalore,2025-05-01
925,Customer_925,customer925@gmail.com,Pune,2024-12-22
926,Customer_926,customer926@gmail.com,Delhi,2024-06-18
927,Customer_927,customer927@gmail.com,Kolkata,2024-07-24
928,Customer_928,customer928@gmail.com,Mumbai,2025-04-24
929,Customer_929,customer929@gmail.com,Hyderabad,2024-11-20
930,Customer_930,customer930@gmail.com,Chennai,2024-05-01
931,Customer_931,customer931@gmail.com,Mumbai,2025-04-11
932,Customer_932,customer932@gmail.com,Hyderabad,2024-11-26
933,Customer_933,customer933@gmail.com,Delhi,2024-04-30
934,Customer_934,customer934@gmail.com,Bangalore,2024-04-16
935,Customer_935,customer935@gmail.com,Hyderabad,2025-02-13
936,Customer_936,customer936@gmail.com,Mumbai,2024-05-21
937,Customer_937,customer937@gmail.com,Kolkata,2024-09-25
938,Customer_938,customer938@gmail.com,Mumbai,2024-01-21
939,Customer_939,customer939@gmail.com,Mumbai,2024-12-10
940,Customer_940,customer940@gmail.com,Pune,2024-11-25
941,Customer_941,customer941@gmail.com,Chennai,2025-02-03
942,Customer_942,customer942@gmail.com,Hyderabad,2025-03-13
943,Customer_943,customer943@gmail.com,Bangalore,2024-12-16
944,Customer_944,customer944@gmail.com,Delhi,2025-04-07
945,Customer_945,customer945@gmail.com,Kolkata,2024-09-02
946,Customer_946,customer946@gmail.com,Hyderabad,2024-05-23
947,Customer_947,customer947@gmail.com,Bangalore,2025-04-11
948,Customer_948,customer948@gmail.com,Chennai,2025-04-26
949,Customer_949,customer949@gmail.com,Delhi,2025-04-09
950,Customer_950,customer950@gmail.com,Mumbai,2025-02-08
951,Customer_951,customer951@gmail.com,Mumbai,2024-01-21
952,Customer_952,customer952@gmail.com,Pune,2024-06-06
953,Customer_953,customer953@gmail.com,Kolkata,2024-04-11
954,Customer_954,customer954@gmail.com,Chennai,2024-12-27
955,Customer_955,customer955@gmail.com,Delhi,2024-10-15
956,Customer_956,customer956@gmail.com,Mumbai,2025-04-27
957,Customer_957,customer957@gmail.com,Hyderabad,2025-01-27
958,Customer_958,customer958@gmail.com,Mumbai,2024-10-26
959,Customer_959,customer959@gmail.com,Bangalore,2024-10-22
960,Customer_960,customer960@gmail.com,Bangalore,2024-03-11
961,Customer_961,customer961@gmail.com,Kolkata,2024-01-03
962,Customer_962,customer962@gmail.com,Chennai,2024-04-23
963,Customer_963,customer963@gmail.com,Hyderabad,2024-05-17
964,Customer_964,customer964@gmail.com,Chennai,2024-08-20
965,Customer_965,customer965@gmail.com,Bangalore,2024-05-09
966,Customer_966,customer966@gmail.com,Bangalore,2024-11-04
967,Customer_967,customer967@gmail.com,Kolkata,2025-04-28
968,Customer_968,customer968@gmail.com,Pune,2025-04-04
969,Customer_969,customer969@gmail.com,Hyderabad,2024-03-06
970,Customer_970,customer970@gmail.com,Bangalore,2024-08-16
971,Customer_971,customer971@gmail.com,Mumbai,2024-12-28
972,Customer_972,customer972@gmail.com,Chennai,2024-07-15
973,Customer_973,customer973@gmail.com,Kolkata,2024-01-09
974,Customer_974,customer974@gmail.com,Kolkata,2024-12-06
975,Customer_975,customer975@gmail.com,Delhi,2025-02-12
976,Customer_976,customer976@gmail.com,Bangalore,2025-05-06
977,Customer_977,customer977@gmail.com,Chennai,2024-02-04
978,Customer_978,customer978@gmail.com,Mumbai,2024-04-21
979,Customer_979,customer979@gmail.com,Delhi,2024-05-09
980,Customer_980,customer980@gmail.com,Hyderabad,2024-12-01
981,Customer_981,customer981@gmail.com,Bangalore,2024-11-21
982,Customer_982,customer982@gmail.com,Hyderabad,2024-09-08
983,Customer_983,customer983@gmail.com,Delhi,2024-02-14
984,Customer_984,customer984@gmail.com,Mumbai,2025-03-13
985,Customer_985,customer985@gmail.com,Delhi,2024-11-12
986,Customer_986,customer986@gmail.com,Hyderabad,2024-06-15
987,Customer_987,customer987@gmail.com,Hyderabad,2024-01-30
988,Customer_988,customer988@gmail.com,Hyderabad,2024-09-26
989,Customer_989,customer989@gmail.com,Pune,2024-02-01
990,Customer_990,customer990@gmail.com,Chennai,2024-06-20
991,Customer_991,customer991@gmail.com,Kolkata,2025-01-07
992,Customer_992,customer992@gmail.com,Hyderabad,2025-01-12
993,Customer_993,customer993@gmail.com,Hyderabad,2024-10-05
994,Customer_994,customer994@gmail.com,Pune,2025-01-10
995,Customer_995,customer995@gmail.com,Hyderabad,2024-11-06
996,Customer_996,customer996@gmail.com,Chennai,2024-09-15
997,Customer_997,customer997@gmail.com,Mumbai,2024-09-18
998,Customer_998,customer998@gmail.com,Hyderabad,2024-06-02
999,Customer_999,customer999@gmail.com,Bangalore,2024-10-22
1000,Customer_1000,customer1000@gmail.com,Pune,2024-12-29
